ID,Name,Age,Gender,Height(cm),Weight(kg),Occupation
1,John,32,Male,180,78,Engineer
2,Sarah,28,Female,165,60,Teacher
3,Michael,45,Male,175,85,Doctor
4,Emily,35,Female,170,63,Software Developer
5,David,40,Male,185,90,Manager
6,Jessica,29,Female,160,55,Marketing Specialist
7,Matthew,38,Male,178,80,Accountant
8,Anna,31,Female,168,58,Journalist
9,James,42,Male,182,88,Lawyer
10,Emma,27,Female,163,57,Graphic Designer
11,Christopher,33,Male,177,79,Architect
12,Amy,30,Female,166,62,HR Manager
13,Ryan,39,Male,181,87,Consultant
14,Katie,26,Female,162,56,Financial Analyst
15,Nathan,37,Male,179,82,Entrepreneur
16,Laura,34,Female,167,61,Nurse
17,Daniel,41,Male,183,89,IT Specialist
18,Olivia,25,Female,161,58,Event Planner
19,Andrew,36,Male,176,84,Pharmacist
20,Rebecca,32,Female,169,64,Writer
21,Joshua,43,Male,184,91,Professor
22,Amanda,28,Female,164,59,Social Worker
23,Justin,31,Male,178,77,Real Estate Agent
24,Megan,29,Female,166,63,Artist
25,Benjamin,44,Male,180,86,Research Scientist
26,Stephanie,30,Female,165,56,Dietitian
27,Brandon,35,Male,181,83,Police Officer
28,Alexandra,27,Female,163,58,Interior Designer
29,William,38,Male,177,80,Pilot
30,Michelle,26,Female,162,55,Public Relations Specialist
31,Patrick,40,Male,182,88,Financial Planner
32,Lauren,25,Female,160,57,Librarian
33,Eric,39,Male,178,85,Software Engineer
34,Hannah,24,Female,159,54,Recruiter
35,Kevin,42,Male,183,89,Executive Assistant
36,Christina,33,Female,168,60,Product Manager
37,Scott,41,Male,184,90,Construction Manager
38,Jennifer,28,Female,164,59,Speech Therapist
39,Jason,37,Male,179,82,Electrician
40,Alexis,30,Female,165,58,Dentist
41,Daniel,36,Male,180,84,Financial Analyst
42,Samantha,29,Female,161,57,Software Developer
43,Matthew,43,Male,185,88,Marketing Manager
44,Julia,27,Female,162,55,UX Designer
45,Nicholas,34,Male,176,81,Project Manager
46,Ashley,31,Female,169,62,Registered Nurse
47,Ryan,40,Male,181,87,Entrepreneur
48,Elizabeth,26,Female,163,56,Photographer
49,Christopher,39,Male,178,83,Investment Banker
50,Melissa,28,Female,164,60,Teacher
51,Justin,35,Male,182,85,Attorney
52,Amanda,30,Female,165,57,Marketing Coordinator
53,Jonathan,41,Male,184,89,Operations Manager
54,Katherine,29,Female,160,58,Event Coordinator
55,Brandon,37,Male,179,82,Financial Advisor
56,Emily,32,Female,167,61,UX Researcher
57,Joshua,44,Male,186,90,IT Manager
58,Alexandra,27,Female,163,56,Content Writer
59,Michael,38,Male,180,86,Web Developer
60,Christine,26,Female,162,59,Sales Manager
61,David,33,Male,177,80,Product Designer
62,Sarah,42,Female,170,65,Data Analyst
63,Andrew,25,Male,175,78,Operations Analyst
64,Amy,31,Female,168,62,Customer Success Manager
65,Matthew,40,Male,181,87,Technical Writer
66,Jessica,28,Female,164,58,UX/UI Designer
67,Christopher,36,Male,178,83,Financial Controller
68,Elizabeth,30,Female,165,60,Market Research Analyst
69,Joshua,43,Male,184,88,Quality Assurance Engineer
70,Amanda,29,Female,161,57,Content Strategist
71,Michael,39,Male,179,84,Systems Analyst
72,Lauren,27,Female,163,56,Technical Support Specialist
73,James,34,Male,177,81,Business Analyst
74,Megan,41,Female,171,64,Brand Manager
75,Benjamin,26,Male,182,87,Frontend Developer
76,Kimberly,33,Female,166,61,UX Research Assistant
77,Robert,44,Male,185,90,Database Administrator
78,Ashley,31,Female,169,63,UX Manager
79,Christopher,38,Male,180,86,DevOps Engineer
80,Jessica,28,Female,164,59,Content Creator
81,Matthew,37,Male,178,82,Data Scientist
82,Amanda,45,Female,172,66,Project Coordinator
83,Michael,29,Male,176,80,Cybersecurity Analyst
84,Kelly,32,Female,167,62,UI Designer
85,David,40,Male,181,85,Network Engineer
86,Emily,27,Female,165,58,Product Marketing Manager
87,Nicholas,42,Male,184,88,Technical Project Manager
88,Stephanie,30,Female,168,63,Information Security Analyst
89,Jonathan,39,Male,179,84,Database Developer
90,Laura,28,Female,164,60,Data Engineer
91,Andrew,37,Male,178,83,Full Stack Developer
92,Michelle,43,Female,170,65,Business Intelligence Analyst
93,Justin,31,Male,177,81,Scrum Master
94,Rebecca,38,Female,169,64,Systems Administrator
95,Brian,46,Male,186,90,Data Architect
96,Kimberly,29,Female,166,61,Machine Learning Engineer
